Position,Name,Handicap,Distance,Time,Pace
1,Daniel Prosser,240m,1369m,4:14,3:06/km
2,Andrew Parr,320m,1289m,4:16,3:19/km
3,Avi Singh,205m,1404m,4:18,3:04/km
4,Ruben Ripper,290m,1319m,4:21,3:18/km
5,Mitchell Collins,250m,1359m,4:22,3:13/km
6,Reuben Casey,150m,1459m,4:25,3:02/km
7,Claire O’Brien,270m,1339m,4:26,3:19/km
8,James Laird,150m,1459m,4:27,3:03/km
9,Jack Roache,280m,1329m,4:28,3:22/km
10,Maree Morris,325m,1284m,4:29,3:30/km
11,Camden Casey,170m,1439m,4:30,3:08/km
12,Lisa Dineen,300m,1309m,4:34,3:29/km
13,Clive Gross,0m,1609m,4:36,2:52/km
14,JJ Schmitt,80m,1529m,4:41,3:04/km
15,Moses Joseph,145m,1464m,4:52,3:19/km
16,Paul Gourlay,40m,1569m,4:53,3:07/km
17,Jon Hansen,85m,1524m,DNF,DNF
